{
	"file_path": "C:\\Users\\Thegu\\AppData\\Local\\Packages\\Microsoft.MinecraftUWP_8wekyb3d8bbwe\\LocalState\\games\\com.mojang\\games\\com.mojang\\games\\com.mojang\\development_behavior_packs\\Ender Mod\\items\\ender_sword.json",
	"file_type": "item",
	"format_version": 1,
	"file_uuid": "d9310ef3_c9e0_4537_aeb6_6d51fc94f73f",
	"file_version": 4,
	"cache_content": {
		"children": [
			{
				"open": {
					"format_version": "1.16.100",
					"minecraft:item": {
						"description": {
							"identifier": "em:ender_sword"
						},
						"components": {
							"minecraft:weapon": {},
							"minecraft:max_damage": 15,
							"minecraft:damage": 10,
							"minecraft:enchantable": {
								"slot": "sword",
								"value": 5
							},
							"minecraft:durability": 1630,
							"minecraft:display_name": {
								"value": "§1Ender Sword"
							},
							"minecraft:icon": {
								"texture": "ender_sword"
							}
						}
					}
				},
				"data": "1.16.100",
				"key": "format_version"
			},
			{
				"open": {
					"format_version": "1.16.100",
					"minecraft:item": {
						"description": {
							"identifier": "em:ender_sword"
						},
						"components": {
							"minecraft:weapon": {},
							"minecraft:max_damage": 15,
							"minecraft:damage": 10,
							"minecraft:enchantable": {
								"slot": "sword",
								"value": 5
							},
							"minecraft:durability": 1630,
							"minecraft:display_name": {
								"value": "§1Ender Sword"
							},
							"minecraft:icon": {
								"texture": "ender_sword"
							}
						}
					}
				},
				"key": "minecraft:item",
				"children": [
					{
						"open": {
							"description": {
								"identifier": "em:ender_sword"
							},
							"components": {
								"minecraft:weapon": {},
								"minecraft:max_damage": 15,
								"minecraft:damage": 10,
								"minecraft:enchantable": {
									"slot": "sword",
									"value": 5
								},
								"minecraft:durability": 1630,
								"minecraft:display_name": {
									"value": "§1Ender Sword"
								},
								"minecraft:icon": {
									"texture": "ender_sword"
								}
							}
						},
						"key": "description",
						"is_minified": true,
						"children": {
							"identifier": "em:ender_sword"
						}
					},
					{
						"open": {
							"description": {
								"identifier": "em:ender_sword"
							},
							"components": {
								"minecraft:weapon": {},
								"minecraft:max_damage": 15,
								"minecraft:damage": 10,
								"minecraft:enchantable": {
									"slot": "sword",
									"value": 5
								},
								"minecraft:durability": 1630,
								"minecraft:display_name": {
									"value": "§1Ender Sword"
								},
								"minecraft:icon": {
									"texture": "ender_sword"
								}
							}
						},
						"key": "components",
						"is_minified": true,
						"children": {
							"minecraft:weapon": {},
							"minecraft:max_damage": 15,
							"minecraft:damage": 10,
							"minecraft:enchantable": {
								"slot": "sword",
								"value": 5
							},
							"minecraft:durability": 1630,
							"minecraft:display_name": {
								"value": "§1Ender Sword"
							},
							"minecraft:icon": {
								"texture": "ender_sword"
							}
						}
					}
				]
			}
		]
	}
}