{
	"file_path": "C:\\Users\\Thegu\\AppData\\Local\\Packages\\Microsoft.MinecraftUWP_8wekyb3d8bbwe\\LocalState\\games\\com.mojang\\games\\com.mojang\\games\\com.mojang\\development_behavior_packs\\Ender Mod\\items\\ender_nugget.json",
	"file_type": "item",
	"format_version": 1,
	"file_uuid": "30462d57_14d7_4e68_9d12_c4aef4cc3323",
	"file_version": 4,
	"cache_content": {
		"children": [
			{
				"data": "1.16.100",
				"key": "format_version"
			},
			{
				"open": {
					"format_version": "1.16.100",
					"minecraft:item": {
						"description": {
							"identifier": "em:ender_nugget"
						},
						"components": {
							"minecraft:food": {
								"effects": [
									{
										"name": "speed",
										"amplifier": 2,
										"duration": 25
									}
								],
								"can_always_eat": true,
								"on_use_action": "chorus_teleport",
								"nutrition": 3,
								"saturation_modifier": "max",
								"on_consume": {
									"event": "effects",
									"target": "self"
								}
							},
							"minecraft:display_name": {
								"value": "Ender nugget"
							},
							"minecraft:icon": {
								"texture": "ender_nugget"
							},
							"minecraft:use_duration": 1,
							"minecraft:max_stack_size": 64
						},
						"events": {
							"effects": {
								"run_command": {
									"command": [
										"function ender_nugget_function"
									]
								}
							}
						}
					}
				},
				"key": "minecraft:item",
				"children": [
					{
						"open": {
							"description": {
								"identifier": "em:ender_nugget"
							},
							"components": {
								"minecraft:food": {
									"effects": [
										{
											"name": "speed",
											"amplifier": 2,
											"duration": 25
										}
									],
									"can_always_eat": true,
									"on_use_action": "chorus_teleport",
									"nutrition": 3,
									"saturation_modifier": "max",
									"on_consume": {
										"event": "effects",
										"target": "self"
									}
								},
								"minecraft:display_name": {
									"value": "Ender nugget"
								},
								"minecraft:icon": {
									"texture": "ender_nugget"
								},
								"minecraft:use_duration": 1,
								"minecraft:max_stack_size": 64
							},
							"events": {
								"effects": {
									"run_command": {
										"command": [
											"function ender_nugget_function"
										]
									}
								}
							}
						},
						"key": "description",
						"is_minified": true,
						"children": {
							"identifier": "em:ender_nugget"
						}
					},
					{
						"open": {
							"description": {
								"identifier": "em:ender_nugget"
							},
							"components": {
								"minecraft:food": {
									"effects": [
										{
											"name": "speed",
											"amplifier": 2,
											"duration": 25
										}
									],
									"can_always_eat": true,
									"on_use_action": "chorus_teleport",
									"nutrition": 3,
									"saturation_modifier": "max",
									"on_consume": {
										"event": "effects",
										"target": "self"
									}
								},
								"minecraft:display_name": {
									"value": "Ender nugget"
								},
								"minecraft:icon": {
									"texture": "ender_nugget"
								},
								"minecraft:use_duration": 1,
								"minecraft:max_stack_size": 64
							},
							"events": {
								"effects": {
									"run_command": {
										"command": [
											"function ender_nugget_function"
										]
									}
								}
							}
						},
						"key": "components",
						"children": [
							{
								"open": {
									"minecraft:food": {
										"effects": [
											{
												"name": "speed",
												"amplifier": 2,
												"duration": 25
											}
										],
										"can_always_eat": true,
										"on_use_action": "chorus_teleport",
										"nutrition": 3,
										"saturation_modifier": "max",
										"on_consume": {
											"event": "effects",
											"target": "self"
										}
									},
									"minecraft:display_name": {
										"value": "Ender nugget"
									},
									"minecraft:icon": {
										"texture": "ender_nugget"
									},
									"minecraft:use_duration": 1,
									"minecraft:max_stack_size": 64
								},
								"key": "minecraft:food",
								"children": [
									{
										"key": "effects",
										"children": [
											{
												"open": [
													{
														"name": "speed",
														"amplifier": 2,
														"duration": 25
													}
												],
												"is_minified": true,
												"children": {
													"name": "speed",
													"amplifier": 2,
													"duration": 25
												}
											}
										]
									},
									{
										"data": "true",
										"key": "can_always_eat"
									},
									{
										"data": "chorus_teleport",
										"key": "on_use_action"
									},
									{
										"data": "3",
										"key": "nutrition"
									},
									{
										"data": "max",
										"key": "saturation_modifier"
									},
									{
										"open": {
											"effects": [
												{
													"name": "speed",
													"amplifier": 2,
													"duration": 25
												}
											],
											"can_always_eat": true,
											"on_use_action": "chorus_teleport",
											"nutrition": 3,
											"saturation_modifier": "max",
											"on_consume": {
												"event": "effects",
												"target": "self"
											}
										},
										"key": "on_consume",
										"is_minified": true,
										"children": {
											"event": "effects",
											"target": "self"
										}
									}
								]
							},
							{
								"key": "minecraft:display_name",
								"is_minified": true,
								"children": {
									"value": "Ender nugget"
								}
							},
							{
								"key": "minecraft:icon",
								"is_minified": true,
								"children": {
									"texture": "ender_nugget"
								}
							},
							{
								"data": "1",
								"key": "minecraft:use_duration"
							},
							{
								"data": "64",
								"key": "minecraft:max_stack_size"
							}
						]
					},
					{
						"open": {
							"description": {
								"identifier": "em:ender_nugget"
							},
							"components": {
								"minecraft:food": {
									"effects": [
										{
											"name": "speed",
											"amplifier": 2,
											"duration": 25
										}
									],
									"can_always_eat": true,
									"on_use_action": "chorus_teleport",
									"nutrition": 3,
									"saturation_modifier": "max",
									"on_consume": {
										"event": "effects",
										"target": "self"
									}
								},
								"minecraft:display_name": {
									"value": "Ender nugget"
								},
								"minecraft:icon": {
									"texture": "ender_nugget"
								},
								"minecraft:use_duration": 1,
								"minecraft:max_stack_size": 64
							},
							"events": {
								"effects": {
									"run_command": {
										"command": [
											"function ender_nugget_function"
										]
									}
								}
							}
						},
						"key": "events",
						"children": [
							{
								"open": {
									"effects": {
										"run_command": {
											"command": [
												"function ender_nugget_function"
											]
										}
									}
								},
								"key": "effects",
								"children": [
									{
										"open": {
											"run_command": {
												"command": [
													"function ender_nugget_function"
												]
											}
										},
										"key": "run_command",
										"children": [
											{
												"open": {
													"command": [
														"function ender_nugget_function"
													]
												},
												"key": "command",
												"is_minified": true,
												"children": [
													"function ender_nugget_function"
												]
											}
										]
									}
								]
							}
						]
					}
				]
			}
		]
	}
}