{
	"file_path": "C:\\Users\\Thegu\\AppData\\Local\\Packages\\Microsoft.MinecraftUWP_8wekyb3d8bbwe\\LocalState\\games\\com.mojang\\games\\com.mojang\\games\\com.mojang\\development_behavior_packs\\Ender Mod\\recipes\\Recipes_cc563bde_custom.json",
	"file_type": "recipe",
	"format_version": 1,
	"file_uuid": "ae4a71c4_3856_49a0_b9c1_ac9c87f64dd6",
	"file_version": 0,
	"cache_content": {
		"children": [
			{
				"open": {
					"format_version": "1.16.100",
					"minecraft:recipe_shaped": {
						"description": {
							"identifier": "recipes_8f3c5153"
						},
						"tags": [
							"crafting_table"
						],
						"pattern": [
							"A",
							"A",
							"B"
						],
						"key": {
							"A": {
								"item": "minecraft:ender_eye",
								"data": 0
							},
							"B": {
								"item": "minecraft:stick",
								"data": 0
							}
						},
						"result": {
							"item": "em:ender_sword",
							"count": 1
						}
					}
				},
				"data": "1.16.100",
				"key": "format_version"
			},
			{
				"open": {
					"format_version": "1.16.100",
					"minecraft:recipe_shaped": {
						"description": {
							"identifier": "recipes_8f3c5153"
						},
						"tags": [
							"crafting_table"
						],
						"pattern": [
							"A",
							"A",
							"B"
						],
						"key": {
							"A": {
								"item": "minecraft:ender_eye",
								"data": 0
							},
							"B": {
								"item": "minecraft:stick",
								"data": 0
							}
						},
						"result": {
							"item": "em:ender_sword",
							"count": 1
						}
					}
				},
				"key": "minecraft:recipe_shaped",
				"is_minified": true,
				"children": {
					"description": {
						"identifier": "recipes_8f3c5153"
					},
					"tags": [
						"crafting_table"
					],
					"pattern": [
						"A",
						"A",
						"B"
					],
					"key": {
						"A": {
							"item": "minecraft:ender_eye",
							"data": 0
						},
						"B": {
							"item": "minecraft:stick",
							"data": 0
						}
					},
					"result": {
						"item": "em:ender_sword",
						"count": 1
					}
				}
			}
		]
	}
}