{
	"file_path": "C:\\Users\\Thegu\\AppData\\Local\\Packages\\Microsoft.MinecraftUWP_8wekyb3d8bbwe\\LocalState\\games\\com.mojang\\games\\com.mojang\\games\\com.mojang\\development_behavior_packs\\Ender Mod\\recipes\\Recipes_7fd65d76_custom.json",
	"file_type": "recipe",
	"format_version": 1,
	"file_uuid": "57e2b7d3_06af_4e36_b19b_d4217c8905bc",
	"file_version": 0,
	"cache_content": {
		"children": [
			{
				"open": {
					"format_version": "1.16.100",
					"minecraft:recipe_shaped": {
						"description": {
							"identifier": "recipes_33f5110f"
						},
						"tags": [
							"crafting_table"
						],
						"pattern": [
							"AAA",
							"A A",
							"AAA"
						],
						"key": {
							"A": {
								"item": "minecraft:ender_pearl",
								"data": 0
							}
						},
						"result": {
							"item": "em:ender_nugget",
							"count": 1
						}
					}
				},
				"data": "1.16.100",
				"key": "format_version"
			},
			{
				"open": {
					"format_version": "1.16.100",
					"minecraft:recipe_shaped": {
						"description": {
							"identifier": "recipes_33f5110f"
						},
						"tags": [
							"crafting_table"
						],
						"pattern": [
							"AAA",
							"A A",
							"AAA"
						],
						"key": {
							"A": {
								"item": "minecraft:ender_pearl",
								"data": 0
							}
						},
						"result": {
							"item": "em:ender_nugget",
							"count": 1
						}
					}
				},
				"key": "minecraft:recipe_shaped",
				"children": [
					{
						"key": "description",
						"is_minified": true,
						"children": {
							"identifier": "recipes_33f5110f"
						}
					},
					{
						"key": "tags",
						"is_minified": true,
						"children": [
							"crafting_table"
						]
					},
					{
						"key": "pattern",
						"is_minified": true,
						"children": [
							"AAA",
							"A A",
							"AAA"
						]
					},
					{
						"open": {
							"description": {
								"identifier": "recipes_33f5110f"
							},
							"tags": [
								"crafting_table"
							],
							"pattern": [
								"AAA",
								"A A",
								"AAA"
							],
							"key": {
								"A": {
									"item": "minecraft:ender_pearl",
									"data": 0
								}
							},
							"result": {
								"item": "em:ender_nugget",
								"count": 1
							}
						},
						"key": "key",
						"is_minified": true,
						"children": {
							"A": {
								"item": "minecraft:ender_pearl",
								"data": 0
							}
						}
					},
					{
						"open": {
							"description": {
								"identifier": "recipes_33f5110f"
							},
							"tags": [
								"crafting_table"
							],
							"pattern": [
								"AAA",
								"A A",
								"AAA"
							],
							"key": {
								"A": {
									"item": "minecraft:ender_pearl",
									"data": 0
								}
							},
							"result": {
								"item": "em:ender_nugget",
								"count": 1
							}
						},
						"key": "result",
						"is_minified": true,
						"children": {
							"item": "em:ender_nugget",
							"count": 1
						}
					}
				]
			}
		]
	}
}